{
  "initialization_time_control": 0.17020893096923828,
  "execution_time_control": 82.26722359657288,
  "total_time": 82.43743252754211
}