{
  "initialization_time_control": 0.16953516006469727,
  "execution_time_control": 59.22256422042847,
  "total_time": 59.392099380493164
}