{
  "initialization_time_control": 0.17563343048095703,
  "execution_time_control": 450.37922382354736,
  "total_time": 450.5548572540283
}