{
  "initialization_time_control": 0.17087817192077637,
  "execution_time_control": 199.96796560287476,
  "total_time": 200.13884377479553
}