{
  "initialization_time_control": 0.17187833786010742,
  "execution_time_control": 56.725581645965576,
  "total_time": 56.897459983825684
}