{
  "initialization_time_control": 0.16906189918518066,
  "execution_time_control": 170.5868935585022,
  "total_time": 170.75595545768738
}