{
  "initialization_time_control": 0.12382793426513672,
  "execution_time_control": 173.4707953929901,
  "total_time": 173.59462332725525
}