{
  "initialization_time_control": 0.1256880760192871,
  "execution_time_control": 109.52812361717224,
  "total_time": 109.65381169319153
}