{
  "initialization_time_control": 0.13614869117736816,
  "execution_time_control": 171.05188298225403,
  "total_time": 171.1880316734314
}