{
  "initialization_time_control": 0.17388582229614258,
  "execution_time_control": 65.64886474609375,
  "total_time": 65.82275056838989
}