{
  "initialization_time_control": 0.13498616218566895,
  "execution_time_control": 281.3115327358246,
  "total_time": 281.44651889801025
}