{
  "initialization_time_control": 0.12195611000061035,
  "execution_time_control": 79.47946834564209,
  "total_time": 79.6014244556427
}