{
  "initialization_time_control": 0.126723051071167,
  "execution_time_control": 77.98367142677307,
  "total_time": 78.11039447784424
}