{
  "initialization_time_control": 0.12007665634155273,
  "execution_time_control": 54.780789375305176,
  "total_time": 54.90086603164673
}