{
  "initialization_time_control": 0.1224818229675293,
  "execution_time_control": 55.58203363418579,
  "total_time": 55.70451545715332
}