{
  "initialization_time_planning": 0.29457712173461914,
  "execution_time_planning": 106.50814747810364,
  "total_time": 106.80272459983826
}