{
  "initialization_time_planning": 0.14051103591918945,
  "execution_time_planning": 100.15828967094421,
  "total_time": 100.2988007068634
}