{
  "initialization_time_control": 0.11986827850341797,
  "execution_time_control": 84.94654059410095,
  "total_time": 85.06640887260437
}