{
  "initialization_time_control": 0.11974024772644043,
  "execution_time_control": 225.01601886749268,
  "total_time": 225.13575911521912
}