{
  "initialization_time_control": 0.12281322479248047,
  "execution_time_control": 45.296958684921265,
  "total_time": 45.419771909713745
}