{
  "initialization_time_control": 0.12352132797241211,
  "execution_time_control": 64.95170307159424,
  "total_time": 65.07522439956665
}