{
  "initialization_time_control": 0.12110257148742676,
  "execution_time_control": 103.84410429000854,
  "total_time": 103.96520686149597
}