{
  "initialization_time_planning": 0.17655420303344727,
  "execution_time_planning": 108.72428941726685,
  "total_time": 108.9008436203003
}