{
  "initialization_time_planning": 0.1777031421661377,
  "execution_time_planning": 100.15780186653137,
  "total_time": 100.33550500869751
}